{
    "A": {
        "precision": 0.9883817427385893,
        "recall": 0.9925,
        "f1-score": 0.9904365904365905,
        "support": 1200
    },
    "B": {
        "precision": 0.9933665008291874,
        "recall": 0.9983333333333333,
        "f1-score": 0.9958437240232751,
        "support": 1200
    },
    "C": {
        "precision": 1.0,
        "recall": 0.9991666666666666,
        "f1-score": 0.9995831596498541,
        "support": 1200
    },
    "D": {
        "precision": 0.9941812136325852,
        "recall": 0.9966666666666667,
        "f1-score": 0.9954223886808157,
        "support": 1200
    },
    "E": {
        "precision": 0.9966329966329966,
        "recall": 0.9866666666666667,
        "f1-score": 0.9916247906197655,
        "support": 1200
    },
    "F": {
        "precision": 0.9983319432860718,
        "recall": 0.9975,
        "f1-score": 0.9979157982492706,
        "support": 1200
    },
    "G": {
        "precision": 0.9983333333333333,
        "recall": 0.9983333333333333,
        "f1-score": 0.9983333333333333,
        "support": 1200
    },
    "H": {
        "precision": 0.9925373134328358,
        "recall": 0.9975,
        "f1-score": 0.9950124688279303,
        "support": 1200
    },
    "I": {
        "precision": 0.9983291562238931,
        "recall": 0.9958333333333333,
        "f1-score": 0.9970796829370046,
        "support": 1200
    },
    "J": {
        "precision": 0.998326359832636,
        "recall": 0.9941666666666666,
        "f1-score": 0.9962421711899792,
        "support": 1200
    },
    "K": {
        "precision": 1.0,
        "recall": 0.9991666666666666,
        "f1-score": 0.9995831596498541,
        "support": 1200
    },
    "L": {
        "precision": 0.9698942229454841,
        "recall": 0.9933333333333333,
        "f1-score": 0.9814738575545491,
        "support": 1200
    },
    "M": {
        "precision": 0.9873843566021867,
        "recall": 0.9783333333333334,
        "f1-score": 0.9828380075345333,
        "support": 1200
    },
    "N": {
        "precision": 1.0,
        "recall": 0.9925,
        "f1-score": 0.9962358845671266,
        "support": 1200
    },
    "O": {
        "precision": 0.9974979149291076,
        "recall": 0.9966666666666667,
        "f1-score": 0.9970821175489788,
        "support": 1200
    },
    "P": {
        "precision": 0.9958402662229617,
        "recall": 0.9975,
        "f1-score": 0.9966694421315571,
        "support": 1200
    },
    "Q": {
        "precision": 0.983843537414966,
        "recall": 0.9641666666666666,
        "f1-score": 0.9739057239057239,
        "support": 1200
    },
    "R": {
        "precision": 0.9908713692946058,
        "recall": 0.995,
        "f1-score": 0.9929313929313929,
        "support": 1200
    },
    "S": {
        "precision": 0.9974937343358395,
        "recall": 0.995,
        "f1-score": 0.9962453066332916,
        "support": 1200
    },
    "T": {
        "precision": 0.9567307692307693,
        "recall": 0.995,
        "f1-score": 0.9754901960784313,
        "support": 1200
    },
    "U": {
        "precision": 0.9825436408977556,
        "recall": 0.985,
        "f1-score": 0.9837702871410736,
        "support": 1200
    },
    "V": {
        "precision": 0.9924559932942163,
        "recall": 0.9866666666666667,
        "f1-score": 0.9895528625156708,
        "support": 1200
    },
    "W": {
        "precision": 0.9932716568544996,
        "recall": 0.9841666666666666,
        "f1-score": 0.988698200083717,
        "support": 1200
    },
    "X": {
        "precision": 0.9991575400168492,
        "recall": 0.9883333333333333,
        "f1-score": 0.9937159614578968,
        "support": 1200
    },
    "Y": {
        "precision": 0.9917149958574979,
        "recall": 0.9975,
        "f1-score": 0.9945990859991692,
        "support": 1200
    },
    "Z": {
        "precision": 0.9991582491582491,
        "recall": 0.9891666666666666,
        "f1-score": 0.9941373534338357,
        "support": 1200
    },
    "nothing": {
        "precision": 0.9983361064891847,
        "recall": 1.0,
        "f1-score": 0.9991673605328892,
        "support": 1200
    },
    "space": {
        "precision": 1.0,
        "recall": 0.9983333333333333,
        "f1-score": 0.9991659716430359,
        "support": 1200
    },
    "accuracy": 0.9925892857142857,
    "macro avg": {
        "precision": 0.9926648183387964,
        "recall": 0.9925892857142857,
        "f1-score": 0.9925984385460909,
        "support": 33600
    },
    "weighted avg": {
        "precision": 0.9926648183387964,
        "recall": 0.9925892857142857,
        "f1-score": 0.9925984385460908,
        "support": 33600
    }
}